'DESCRIPTION';'ID';'OBJECTID';'OBJECTTYPE'
'desc';'1';'3';'LIBRETTO'
'desc';'2';'3';'AUTHOR'
'desc';'3';'1';'COMPOSER'
'desc';'4';'55';'ARIA'
'desc';'6';'1';'COMPOSER'
'desc';'7';'1';'COMPOSER'
'desc';'8';'1';'COMPOSER'
'Some description';'9';'1';'OPERA'
'Another description';'10';'1';'OPERA'
'Another description';'11';'1';'COMPOSER'
'Another description';'12';'1';'AUTHOR'
'Another description';'13';'1';'SINGER'
'Some description';'144';'1';'LIBRETTO'
'';'1514053250069';'1';'COMPOSER'
'wwwww';'5';'1';'COMPOSER'
' force you be always with force';'1514223071431';'1';'LIBRETTO'
